Scenario,Coverage %,Area SqM
Status Quo,40.07788370286781,4929452100.0
Scenario A (+10m Height),40.71905151813516,5008313700.0
Scenario B (+5km Range),42.58001432076767,5237206200.0
Scenario C (3 New Towers),44.305988263543824,5449495500.0
