Scenario,Coverage %,Area SqM
Status Quo,43.55588104316257,5357234700.0
Scenario A (+10m Height),43.97590654909675,5408896500.0
Scenario B (+5km Range),46.291776248325576,5693741100.0
Scenario C (3 New Towers),48.522560818412515,5968120500.0
